"Positions , NearestTruthDis"
6600.0,40.0
15500.0,22.0
28400.0,6.0
34200.0,46.0
50700.0,658.0
"AvgPosConf, 0.753072054579"
"MaxPosConf,0.999198094177246"
