"Positions , NearestTruthDis"
5800.0,4.0
27900.0,16.0
28000.0,84.0
33700.0,22.0
"AvgPosConf, 0.930951806337"
"MaxPosConf,0.9840276635590083"
