"Positions , NearestTruthDis"
2600.0,8400.0
18300.0,98.0
41200.0,314.0
"AvgPosConf, 0.863823315408"
"MaxPosConf,0.9187848055090393"
