"Positions , NearestTruthDis"
10000.0,6.0
24700.0,60.0
34200.0,46.0
40900.0,6746.0
"AvgPosConf, 0.767893306358"
"MaxPosConf,0.9863417422720254"
