"Positions , NearestTruthDis"
15900.0,78.0
33900.0,20.0
57200.0,76.0
81500.0,14.0
105600.0,38.0
"AvgPosConf, 0.548226208876"
"MaxPosConf,0.9606159152925042"
