"Positions , NearestTruthDis"
15200.0,10300.0
15300.0,10400.0
26800.0,54.0
49800.0,106.0
73800.0,14.0
"AvgPosConf, 0.630481955597"
"MaxPosConf,0.9999813627005357"
