"Positions , NearestTruthDis"
32000.0,358.0
32100.0,258.0
45800.0,322.0
"AvgPosConf, 0.998973923855"
"MaxPosConf,0.9998668671325982"
