"Positions , NearestTruthDis, PosConf"
100.0,24.0,0.20144531250000108
21800.0,164.0,0.38531192818778065
44600.0,34.0,0.29765625
"AvgPosConf, 0.294804496896,"
"MaxPosConf,0.38531192818778065,"
