"Positions , NearestTruthDis, PosConf"
4800.0,162.0,0.5999999999999994
20800.0,86.0,0.45546699827085413
26300.0,104.0,0.9988092209533965
43500.0,94.0,0.21168864501386328
49300.0,146.0,0.5155934033502143
"AvgPosConf, 0.556311653518,"
"MaxPosConf,0.9988092209533965,"
