"Positions , NearestTruthDis"
5800.0,2200.0
27900.0,100.0
28000.0,0.0
33700.0,2300.0
"AvgPosConf, 0.930951806337"
"MaxPosConf,0.9840276635590083"
