"Positions , NearestTruthDis"
27900.0,298.0
33700.0,254.0
"AvgPosConf, 0.0348214285714"
"MaxPosConf,0.06964285714285744"
