"Positions , NearestTruthDis"
100.0,24.0
5500.0,94.0
11800.0,6206.0
21900.0,64.0
27400.0,40.0
44600.0,34.0
"AvgPosConf, 0.777913678706"
"MaxPosConf,0.9999936658038258"
