"Positions , NearestTruthDis"
2600.0,10400.0
18300.0,700.0
41200.0,1800.0
"AvgPosConf, 0.863823315408"
"MaxPosConf,0.9187848055090393"
