"Positions , NearestTruthDis, PosConf"
25400.0,86.0,0.46383590698242355
27500.0,16.0,0.21154854910714382
"AvgPosConf, 0.337692228045,"
"MaxPosConf,0.46383590698242355,"
