"Positions , NearestTruthDis"
9500.0,1500.0
"AvgPosConf, 0.0171428571429"
"MaxPosConf,0.01714285714285735"
