"Positions , NearestTruthDis"
9800.0,74.0
24700.0,334.0
26600.0,2234.0
"AvgPosConf, 0.0223958333333"
"MaxPosConf,0.06718750000000034"
