"Positions , NearestTruthDis"
6000.0,246.0
14600.0,8354.0
35800.0,326.0
"AvgPosConf, 0.755201760097"
"MaxPosConf,0.9989513023103328"
