"Positions , NearestTruthDis, PosConf"
13300.0,146.0,0.9999182659855674
45400.0,34.0,0.5251927041330846
45500.0,134.0,0.5251927041330846
"AvgPosConf, 0.683434558084,"
"MaxPosConf,0.9999182659855674,"
