"Positions , NearestTruthDis, PosConf"
5700.0,8896.0,0.2882582591748516
14600.0,4.0,0.9228234671476614
32600.0,64.0,0.5489735851082425
55900.0,6.0,0.1985807880844282
80200.0,54.0,0.6574285322427758
104300.0,42.0,0.5099844360351563
"AvgPosConf, 0.521008177966,"
"MaxPosConf,0.9228234671476614,"
