"Positions , NearestTruthDis"
33800.0,198.0
57200.0,356.0
81500.0,294.0
105600.0,320.0
"AvgPosConf, 0.294463414543"
"MaxPosConf,0.8303694276646206"
