"Positions , NearestTruthDis, PosConf"
6200.0,82.0,0.9451127893066406
50900.0,26.0,0.870500913983754
75100.0,100.0,0.30143750000000036
118700.0,120.0,0.04482138582638548
"AvgPosConf, 0.540468147279,"
"MaxPosConf,0.9451127893066406,"
