"Positions , NearestTruthDis"
1500.0,144.0
22800.0,158.0
64700.0,156.0
89100.0,194.0
"AvgPosConf, 0.64704114751"
"MaxPosConf,0.9999967448191254"
