NumUsr,AvgError,SD
50,92.80591248433906,0.0
200,23.052231540362712,1.3828571428577416
350,150.6659404334427,130.9942583328269
500,79.78406195327088,75.93293196573829
650,42.28716896664436,42.94634664255116
800,233.4985951618804,338.21616573150817
950,168.74484146362713,299.4414596185831
