NumUsr,AvgError,SD
50,81.33914247054656,0.0
200,327.30880469489296,162.52811517855474
350,731.5566190263976,564.5808297275266
500,752.0664238666675,484.34360555782337
650,887.9277333402767,937.0402750875098
800,955.2800392937322,1131.5687748040782
950,863.9750953904793,767.2899148504395
