NumUsr,AvgError,SD
10,64.15717005185054,83.54366371464361
20,19.152577072690622,12.241013804403275
30,81.72041027771832,107.26924533792386
40,125.13576951043063,142.65233157824207
50,264.4466979236935,347.7864852230332
60,331.25675608040643,397.2907087362491
70,347.59333668403264,531.3638099305086
80,474.12752380395403,541.5394861837484
90,619.8186899877697,651.1128857830485
100,529.9491103711174,716.0022419848195
