NumUsr,AvgError,SD
50,6.108922455842899,0.2089081710650605
200,6.417139423439647,2.7289198921559734
350,13.009664845328214,3.347345716371343
500,18.080740687116972,18.675568693699198
650,40.5056144176137,48.164793957314785
800,19.748339024381092,6.243662573614343
950,27.631050971593254,22.346137877161105
