NumUsr,AvgError,SD
10000,1457.494072384803,1554.4787667399696
