NumUsr,AvgError,SD
100,1403.716666666667,1538.64592816659
400,1648.6666666666667,1597.6190196702794
700,1828.0666666666666,2206.7315805961157
1000,1784.0777777777778,2121.8450762945317
1300,1203.5055555555557,1477.1637337975415
1600,1031.0611111111111,1387.5527830981448
1900,1333.2444444444448,1565.1353409191058
2200,1333.688888888889,1565.0246250925159
2500,1298.7,1545.8310933136315
2800,1298.7,1545.8310933136315
