NumUsr,AvgError,SD
50,30.86308447978732,17.83763400783361
150,34.2260115794229,25.563840490056133
250,43.06562921647464,27.618274445293583
350,47.89527860707185,30.045749103250657
450,50.4892314026751,30.2238517182912
550,51.17814405286871,27.100247980403342
650,50.06246800411208,29.60820920874856
750,65.1652242979443,22.6351910162325
850,59.977916958446194,26.692798911579036
950,57.671347963257745,32.19763697127231
