NumUsr,AvgError,SD
10,43.82672351039282,14.882091000255317
20,90.57311057790884,34.92225175959059
30,109.22910993681099,38.20269546657268
40,99.70303144171031,26.281138984779687
