NumUsr,AvgError,SD
10,0.0,0.0
30,8.794385714284946,1.4336714285708374
50,4.847100160722135,7.534496528012042
70,19.722675096203528,22.799250545674116
90,1.3128297853356354,0.6944101083097861
