NumUsr,AvgError,SD
50,0.0,0.0
200,56.13896428035921,0.0
350,169.69854374569113,0.0
500,574.686161425279,639.0585592868653
650,139.59906561210005,152.79249134600033
800,195.01335713296368,96.38272914295857
950,100.59627375899883,36.33839680974793
