NumUsr,AvgError,SD
500,8.549829650013054,8.079065344269626
