NumUsr,AvgError,SD
50,257.2867883882048,0.0
200,121.65588388246059,126.76373538212063
350,876.668862555704,1279.6687667815559
500,270.9052186004997,256.2203047016282
650,414.2537154224036,381.7835522999216
800,774.1950349379991,1061.968849821437
950,489.7424861551858,589.4597994170595
