NumUsr,AvgError,SD
100,79.97777777777777,20.52752956333738
400,78.83333333333333,24.051781996894405
700,81.56666666666666,21.73749684673963
1000,81.56666666666666,21.73749684673963
1300,78.89999999999999,20.387772733511152
1600,77.64999999999999,22.083686295977795
1900,74.48333333333333,22.035780634708484
2200,78.89999999999999,20.387772733511152
2500,78.89999999999999,20.387772733511152
2800,79.51666666666667,20.382826978133775
