NumUsr,AvgError,SD
10,53.97654214546369,51.60102973310049
20,296.05692754131627,347.1360465223672
30,72.56595505472859,59.214326510320454
40,103.96731660640091,97.87373699436411
50,266.7087168821376,390.0557175258334
60,266.62328867299675,161.3895972873615
70,923.2545568497571,1525.2895621464952
80,249.8648773743826,84.74341269931172
90,808.0283200842568,875.4631789208116
100,729.5400377563327,1013.1917630889756
