NumUsr,AvgError,SD
50,58.396526141994435,53.56988010340859
150,99.88356749669396,130.97961983685394
250,284.5462236835207,376.3094900854446
350,91.35510053476541,71.96096523001988
450,89.18057277871581,89.97195653271775
550,216.85409650233296,298.186654747503
650,268.6826446397085,487.51108855123783
750,206.09339799946227,317.533389926188
850,228.17317720281565,337.71100396995695
950,351.80900322361435,658.6621332886691
