"Positions , NearestTruthDis"
6600.0,314.0
15500.0,298.0
28400.0,284.0
34200.0,314.0
"AvgPosConf, 0.781944272707"
"MaxPosConf,0.9602950899465654"
