"Positions , NearestTruthDis"
5800.0,284.0
27900.0,298.0
28000.0,198.0
33700.0,254.0
"AvgPosConf, 0.649143771377"
"MaxPosConf,0.7418250836259961"
