"Positions , NearestTruthDis, PosConf"
50100.0,5980.0,0.0072321428571440055
"AvgPosConf, 0.00723214285714,"
"MaxPosConf,0.0072321428571440055,"
