"Positions , NearestTruthDis, PosConf"
800.0,38.0,0.2813667099125332
4200.0,3362.0,0.35237481477828025
13200.0,0.0,0.7169056913509712
35700.0,174.0,0.6169169531249983
35800.0,74.0,0.6169169531249983
45300.0,62.0,0.9313999999998941
"AvgPosConf, 0.585980187049,"
"MaxPosConf,0.9313999999998941,"
