"Positions , NearestTruthDis"
11100.0,340.0
16900.0,384.0
39600.0,398.0
45800.0,6598.0
"AvgPosConf, 0.791856272733"
"MaxPosConf,0.9999253559212665"
