"Positions , NearestTruthDis"
6600.0,1600.0
15500.0,2500.0
28400.0,2400.0
34200.0,200.0
50700.0,1700.0
"AvgPosConf, 0.753072054579"
"MaxPosConf,0.999198094177246"
