"Positions , NearestTruthDis"
17100.0,8386.0
17200.0,8286.0
27400.0,116.0
27500.0,16.0
34900.0,106.0
"AvgPosConf, 0.570192607065"
"MaxPosConf,0.9415692640000001"
