"Positions , NearestTruthDis"
13600.0,1162.0
35700.0,3214.0
35800.0,3114.0
39300.0,386.0
"AvgPosConf, 0.244022098768"
"MaxPosConf,0.6295736892930464"
