"Positions , NearestTruthDis"
25500.0,104.0
25600.0,204.0
40500.0,176.0
48200.0,114.0
"AvgPosConf, 0.804212905756"
"MaxPosConf,0.9884515764341908"
