"Positions , NearestTruthDis, PosConf"
600.0,42.0,0.8101050195962085
12900.0,5342.0,0.13224318713508465
29800.0,156.0,0.3987499996286347
29900.0,56.0,0.3987499996286347
32000.0,0.0,1.0
"AvgPosConf, 0.547969641198,"
"MaxPosConf,1.0,"
