"Positions , NearestTruthDis"
10000.0,274.0
24700.0,334.0
34200.0,314.0
40900.0,7014.0
"AvgPosConf, 0.61843454349"
"MaxPosConf,0.9346717971662821"
