"Positions , NearestTruthDis"
10000.0,1000.0
24700.0,4300.0
34200.0,2200.0
40900.0,8900.0
"AvgPosConf, 0.767893306358"
"MaxPosConf,0.9863417422720254"
