"Positions , NearestTruthDis"
1200.0,18442.0
19600.0,42.0
22200.0,2558.0
42300.0,26.0
85400.0,186.0
85500.0,86.0
109900.0,42.0
"AvgPosConf, 0.727735997457"
"MaxPosConf,0.9998663584243775"
