"Positions , NearestTruthDis"
44400.0,264.0
90800.0,2024.0
"AvgPosConf, 0.497818790617"
"MaxPosConf,0.9956375812344442"
