"Positions , NearestTruthDis"
15200.0,9250.0
15300.0,9350.0
26800.0,100.0
49800.0,1980.0
73800.0,5380.0
"AvgPosConf, 0.630481955597"
"MaxPosConf,0.9999813627005357"
