"Positions , NearestTruthDis"
4900.0,280.0
"AvgPosConf, 0.0989285714286"
"MaxPosConf,0.09892857142857134"
