"Positions , NearestTruthDis, PosConf"
19600.0,42.0,0.20456250000000087
20300.0,658.0,0.24065558035714396
"AvgPosConf, 0.222609040179,"
"MaxPosConf,0.24065558035714396,"
