"Positions , NearestTruthDis"
15200.0,10020.0
15300.0,10120.0
26800.0,220.0
73700.0,362.0
"AvgPosConf, 0.435952927738"
"MaxPosConf,0.7076524047149717"
