"Positions , NearestTruthDis"
16600.0,366.0
39000.0,360.0
62500.0,338.0
"AvgPosConf, 0.7687631748"
"MaxPosConf,0.9559614831497062"
